{"train/lr":4.999999987376214e-07,"eval/global_step":396,"train/global_step":396,"_step":396,"eval/eval gpt_loss":0,"train/gpt_loss":0,"_timestamp":1.7304970527904625e+09,"_wandb":{"runtime":2456},"_runtime":2451.138172854,"train/loss_mean":1.0974586572842782e-08}