{"train/lr":5.023317157792917e-07,"eval/eval gpt_loss":1.1920928955078125e-07,"train/global_step":73,"train/gpt_loss":1.1920928955078125e-07,"_timestamp":1.7305806327334576e+09,"_wandb":{"runtime":1423},"_runtime":1410.548701725,"eval/global_step":72,"_step":75,"train/loss_mean":1.1920928955078125e-07}